id,speed
0,48.06466
1,47.807304
2,40.31211
3,35.97229
4,41.29216
5,29.17334
6,20.771563
7,50.180428
8,49.01517
9,32.033314
10,29.35921
11,20.674791
12,23.578085
13,24.14277
14,29.580038
15,45.75272
16,42.450764
17,46.611107
18,48.6972
19,48.855705
20,47.71507
21,44.97274
22,19.21059
23,25.469862
24,25.61737
25,19.033192
26,20.151773
27,18.19907
28,12.929292
29,11.089608
30,24.595413
31,45.87453
32,49.27576
33,27.166452
34,23.729866
35,22.757507
36,19.258839
37,18.831852
38,44.040073
39,37.668736
40,42.886284
41,48.576
42,49.49401
43,45.17714
44,19.537083
45,17.758558
46,18.3719
47,10.516172
48,44.163578
49,48.28164
50,48.942867
51,25.847157
52,22.482859
53,16.77763
54,16.302631
55,13.847711
56,15.377529
57,16.056807
58,24.03418
59,34.79094
60,42.112297
61,39.51354
62,43.903786
63,42.17837
64,46.792152
65,48.307133
66,48.163956
67,46.34277
68,42.153942
69,24.797762
70,19.50361
71,18.390728
72,13.946756
73,14.712708
74,11.065466
75,7.86404
76,38.054688
77,33.082497
78,37.099293
79,46.7727
80,12.148726
81,13.547465
82,21.456474
83,14.90216
84,15.29706
85,12.657301
86,22.75588
87,37.46742
88,44.414574
89,36.49378
90,48.352856
91,47.266243
92,45.872105
93,46.225822
94,27.396774
95,15.114076
96,24.541658
97,11.719628
98,9.703623
99,19.337776
100,38.27018
101,47.02455
102,14.5544
103,16.943787
104,13.313906
105,43.247116
106,32.549603
107,47.666744
108,41.15187
109,13.914573
110,9.866827
111,9.674403
112,20.267351
113,31.77286
114,38.982807
115,49.606194
116,49.869568
117,44.572678
118,30.804857
119,24.822044
120,20.503729
121,14.172474
122,31.546759
123,46.84524
124,47.17649
125,40.25696
126,42.795013
127,35.318516
128,43.422653
129,32.031723
130,49.090137
131,47.487568
132,46.661118
133,27.92899
134,22.632526
135,23.301159
136,43.482018
137,48.928864
138,49.685925
139,47.565502
140,47.10027
141,44.730724
142,28.002787
143,15.450047
144,21.21805
145,17.28802
146,16.901299
147,46.119415
148,47.230984
149,46.790077
150,47.309963
151,14.675521
152,15.084322
153,15.665107
154,8.5162945
155,20.998194
156,34.793243
157,38.32988
158,29.54212
159,38.150436
160,49.11779
161,49.699997
162,48.68564
163,47.727287
164,45.158577
165,27.973198
166,15.235414
167,20.238264
168,17.963144
169,18.990372
170,12.94807
171,11.487586
172,44.91282
173,48.20538
174,43.17109
175,25.785076
176,21.524149
177,16.187225
178,16.21596
179,10.009112
180,44.731834
181,48.176792
182,48.884045
183,48.59196
184,43.123665
185,21.129328
186,20.063076
187,40.083897
188,34.38543
189,47.10292
190,43.33917
191,43.77581
192,40.06156
193,39.684517
194,38.434696
195,39.764473
196,39.902863
197,45.135216
198,38.202446
199,48.359173
200,47.494427
201,28.266737
202,25.140873
203,19.434814
204,18.76739
205,19.746222
206,43.196953
207,41.932697
208,48.568707
209,49.435753
210,48.216805
211,47.155552
212,27.899294
213,15.269997
214,21.954489
215,22.365538
216,17.127243
217,24.13656
218,45.137928
219,48.101067
220,46.702164
221,44.688023
222,27.919762
223,18.74181
224,10.112179
225,23.841198
226,45.35253
227,47.820507
228,17.937363
229,23.659431
230,18.85762
231,19.41397
232,44.489883
233,48.50934
234,46.90758
235,18.628695
236,25.51776
237,20.526394
238,23.445992
239,44.21356
240,37.553703
241,41.468895
242,48.022644
243,48.205933
244,48.49539
245,48.822033
246,25.73992
247,21.678125
248,20.830444
249,22.53977
250,22.465712
251,32.342644
252,41.59098
253,33.15598
254,33.89271
255,46.598328
256,47.07602
257,44.980846
258,42.940983
259,41.509846
260,40.2699
261,37.463615
262,35.855
263,42.468662
264,33.99922
265,43.01771
266,48.64032
267,45.14006
268,17.67805
269,20.182575
270,17.790308
271,17.894188
272,17.38243
273,13.122189
274,45.608456
275,48.402683
276,48.74471
277,47.881542
278,28.074114
279,14.048376
280,15.383587
281,23.430904
282,19.349209
283,15.674944
284,14.830155
285,12.221611
286,46.838364
287,47.38964
288,12.408457
289,14.3862295
290,13.780162
291,10.147732
292,8.877273
293,21.976814
294,47.41394
295,48.61238
296,49.934387
297,32.314217
298,17.703382
299,32.924667
300,27.308098
301,23.358433
302,24.064827
303,44.331062
304,41.258976
305,50.248
306,48.93134
307,48.634476
308,44.54444
309,27.817253
310,18.368801
311,9.394245
312,40.63274
313,31.377968
314,38.640232
315,49.594604
316,47.608276
317,40.301308
318,31.209497
319,34.83903
320,44.298225
321,47.177616
322,48.21053
323,46.38816
324,44.91113
325,42.780365
326,43.186077
327,42.838093
328,41.40758
329,32.54212
330,32.047047
331,46.542458
332,42.018684
333,34.735523
334,30.689941
335,41.9248
336,46.53733
337,47.67468
338,14.759644
339,22.013638
340,21.38387
341,27.295774
342,46.83394
343,45.400784
344,49.77815
345,48.509567
346,47.135117
347,16.338589
348,34.55957
349,50.695976
350,49.21734
351,48.744476
352,29.060047
353,16.529287
354,25.64759
355,18.287958
356,16.890535
357,23.171137
358,38.44753
359,46.141785
360,45.20565
361,50.488583
362,16.713316
363,24.84542
364,19.189163
365,17.275185
366,12.691766
367,23.605234
368,43.883377
369,48.931454
370,49.044
371,48.260418
372,47.06475
373,17.923431
374,18.51135
375,9.437073
376,21.29254
377,34.959698
378,39.15276
379,48.31971
380,28.291739
381,19.147917
382,18.136242
383,30.610434
384,47.830814
385,48.897144
386,48.32183
387,44.155537
388,40.8608
389,36.918198
390,34.56656
391,34.047974
392,49.010265
393,49.491745
394,48.248707
395,16.056067
396,18.945522
397,24.74809
398,22.737007
399,17.270662
400,10.258283
401,35.634907
402,35.69436
403,49.411335
404,47.706764
405,45.461678
406,32.754234
407,18.349016
408,20.364336
409,18.453955
410,16.651363
411,10.267774
412,42.777447
413,34.38622
414,41.330254
415,48.748756
416,48.787987
417,48.855824
418,48.166298
419,30.707521
420,15.927047
421,9.851704
422,41.383797
423,36.962162
424,48.49685
425,49.10407
426,51.82297
427,37.723125
428,29.966045
429,41.391098
430,41.34843
431,47.21488
432,47.457687
433,45.01567
434,30.736557
435,32.62447
436,25.248371
437,24.10014
438,47.294987
439,48.234974
440,48.489586
441,42.258858
442,39.201256
443,34.909607
444,29.314835
445,35.660965
446,31.826689
447,34.443375
448,47.01231
449,46.12379
450,46.969692
451,47.234047
452,46.157784
453,45.278587
454,44.23532
455,42.47646
456,42.760254
457,45.12437
458,47.116646
459,48.1398
460,38.100605
461,28.475561
462,28.82638
463,27.609636
464,32.643345
465,39.054924
466,49.7683
467,50.41201
468,49.866787
469,48.989914
470,20.67149
471,27.79438
472,27.991665
473,26.980492
474,19.941715
475,26.314112
476,48.864326
477,49.536488
478,39.405895
479,29.330173
480,29.785522
481,25.333652
482,26.265799
483,47.421764
484,48.441887
485,49.747395
486,36.580627
487,40.61149
488,29.660673
489,19.248474
490,13.854577
491,39.215763
492,44.284832
493,49.217125
494,49.626137
495,48.99225
496,24.379898
497,33.751244
498,42.88422
499,50.348877
500,50.416336
501,50.90988
502,50.486416
503,49.83144
504,35.77982
505,35.654858
506,29.52736
507,27.74384
508,28.090717
509,46.53418
510,46.559193
511,47.00238
512,46.57429
513,45.68797
514,45.112667
515,44.01828
516,43.459072
517,43.880363
518,47.669064
519,47.38318
520,21.106007
521,27.94091
522,21.346882
523,22.458214
524,14.602387
525,48.408474
526,48.40155
527,48.970436
528,46.799606
529,29.48878
530,20.855131
531,24.80157
532,20.761189
533,15.822351
534,14.047379
535,46.600883
536,28.223558
537,18.226522
538,19.336573
539,20.940392
540,14.9964
541,12.931574
542,46.068684
543,44.77022
544,47.496445
545,45.676537
546,15.811962
547,20.12445
548,22.723951
549,22.379454
550,16.725195
551,43.512173
552,42.24802
553,47.470654
554,47.09764
555,44.599506
556,28.155811
557,18.852203
558,24.60346
559,23.576752
560,18.909445
561,20.606752
562,19.904518
563,17.488699
564,12.453254
565,11.129561
566,43.91457
567,37.474136
568,41.00299
569,49.007786
570,48.272408
571,36.660236
572,45.096645
573,46.496983
574,46.965885
575,47.29927
576,47.597378
577,44.250786
578,40.503017
579,47.63984
580,43.305206
581,36.529972
582,48.9869
583,49.294376
584,15.400089
585,18.042326
586,25.734121
587,24.741608
588,18.757795
589,19.572311
590,20.834745
591,18.88757
592,45.202137
593,48.536106
594,49.2441
595,47.03146
596,45.481583
597,29.541246
598,26.892578
599,22.350538
600,14.515266
601,48.01408
602,47.918564
603,44.736847
604,14.903926
605,18.95414
606,37.710445
607,40.96537
608,45.663467
609,46.65887
610,46.614372
611,46.16364
612,40.690907
613,13.226715
614,18.709496
615,13.402898
616,13.641407
617,14.908617
618,11.250741
619,20.706501
620,40.284077
621,50.173084
622,49.429718
623,48.821312
624,45.295628
625,28.659733
626,20.696945
627,18.76437
628,19.12499
629,10.20288
630,19.870924
631,49.830227
632,49.298443
633,47.601147
634,44.04671
635,26.599365
636,23.219404
637,48.40439
638,48.549465
639,48.290894
640,40.67269
641,45.726593
642,43.306797
643,41.483234
644,39.5799
645,38.630875
646,37.020283
647,47.87896
648,48.258163
649,47.991215
650,45.67808
651,17.504412
652,18.782091
653,11.4639635
654,24.529812
655,46.145306
656,46.652153
657,46.274605
658,45.316364
659,44.92111
660,43.267807
661,15.124299
662,21.06716
663,17.117466
664,17.674118
665,15.70903
666,14.3815
667,10.342242
668,42.781425
669,37.9377
670,42.285587
671,47.278076
672,43.401707
673,21.262802
674,17.896124
675,38.34827
676,48.262074
677,48.642452
678,47.056427
679,14.56627
680,21.976458
681,18.798712
682,18.522104
683,17.630348
684,43.505764
685,46.885155
686,46.529453
687,46.90152
688,44.330383
689,25.516462
690,15.257445
691,20.054256
692,15.843725
693,15.725335
694,49.472443
695,48.91214
696,38.832237
697,26.600126
698,24.143127
699,19.85675
700,17.208557
701,18.472473
702,40.11862
703,45.594193
704,47.62485
705,48.113132
706,47.700462
707,47.272957
708,44.33603
709,43.479507
710,41.753227
711,42.0533
712,41.974648
713,41.9292
714,37.46074
715,44.53276
716,36.997604
717,45.410957
718,47.019573
719,25.473877
720,13.702797
721,10.6478
722,8.90079
723,36.92605
724,39.719635
725,46.344913
726,46.36832
727,25.351017
728,16.602728
729,15.144162
730,10.3605
731,41.24961
732,46.619152
733,47.112667
734,41.001896
735,11.948111
736,12.766475
737,13.552198
738,13.280057
739,6.6311326
740,32.507137
741,40.79776
742,48.44057
743,48.916943
744,48.773705
745,26.202812
746,17.140167
747,20.966618
748,20.849459
749,16.926195
750,16.156311
751,16.344336
752,41.397118
753,48.019
754,47.03727
755,46.132347
756,46.526035
757,15.29811
758,14.791444
759,13.238701
760,16.263775
761,11.086011
762,22.930157
763,43.389168
764,33.50301
765,39.895576
766,49.786053
767,48.661293
768,41.550644
769,21.15712
770,19.017153
771,19.44563
772,32.102352
773,46.946114
774,47.037987
775,47.227535
776,47.002
777,46.184597
778,41.33177
779,37.922035
780,48.13794
781,48.646816
782,47.800877
783,14.175252
784,16.582085
785,16.956823
786,15.503369
787,16.596035
788,10.293331
789,20.98782
790,48.138493
791,48.864235
792,47.81061
793,48.32812
794,16.416761
795,16.963331
796,13.980055
797,10.500449
798,21.23841
799,46.47076
800,25.08571
801,13.027819
802,15.210088
803,14.357994
804,13.516941
805,10.722734
806,33.88048
807,42.612156
808,47.627415
809,47.286644
810,46.95469
811,46.427547
812,25.544506
813,13.066222
814,19.083794
815,18.190294
816,15.681807
817,41.951935
818,35.36921
819,48.720287
820,47.998558
821,32.21469
822,36.547916
823,28.548637
824,28.458662
825,29.355696
826,49.27379
827,49.221516
828,40.58257
829,36.526455
830,39.321167
831,32.472168
832,44.825825
833,39.231754
834,47.953903
835,48.203957
836,46.12205
837,43.0371
838,38.74464
839,37.43713
840,48.119396
841,48.21078
842,47.465244
843,36.802315
844,28.381092
845,20.509693
846,35.913486
847,39.090847
848,48.418633
849,49.13883
850,48.341488
851,17.586117
852,25.413046
853,25.234627
854,21.863783
855,23.50438
856,19.847122
857,39.50975
858,51.488457
859,50.647194
860,50.214657
861,50.008923
862,16.592237
863,26.000494
864,23.697731
865,21.57199
866,28.461498
867,53.737537
868,46.07881
869,48.88712
870,47.746227
871,33.86593
872,29.907276
873,23.254784
874,45.49579
875,44.7508
876,49.977192
877,49.44907
878,48.419327
879,19.32812
880,12.22361
881,11.507224
882,21.7419
883,45.152847
884,37.91665
885,47.85205
886,48.84038
887,47.310123
888,50.923355
889,50.838078
890,48.561897
891,27.335352
892,29.67639
893,29.313313
894,32.539486
895,47.5215
896,45.128395
897,44.972073
898,46.75553
899,44.096325
900,46.63434
901,48.68882
902,47.472218
903,27.753801
904,14.8352585
905,17.617172
906,24.425314
907,20.172026
908,17.863914
909,11.622009
910,36.668297
911,43.224316
912,47.85349
913,47.36872
914,46.638786
915,23.232006
916,23.816973
917,17.394157
918,18.218008
919,12.911992
920,49.04807
921,49.588715
922,49.032635
923,14.304998
924,21.800747
925,20.015896
926,15.066233
927,16.298466
928,11.449481
929,9.992222
930,22.42055
931,37.26729
932,44.957
933,48.15702
934,14.599233
935,18.247953
936,18.245565
937,15.982332
938,11.464259
939,22.302837
940,45.425037
941,47.96122
942,48.783962
943,47.84021
944,47.144154
945,27.081762
946,14.80311
947,23.644386
948,23.157837
949,16.995075
950,40.88107
951,47.794174
952,49.215717
953,47.491325
954,39.838055
955,22.537895
956,22.49738
957,15.586377
958,38.276493
959,34.348312
960,45.529972
961,48.009205
962,48.63967
963,46.184643
964,44.800354
965,44.628162
966,43.704395
967,40.29322
968,42.13724
969,42.381573
970,39.9002
971,38.5058
972,46.771183
973,15.101357
974,17.905966
975,22.41916
976,16.561113
977,15.838203
978,15.72325
979,11.9975605
980,10.374224
981,21.465542
982,43.643085
983,48.311485
984,49.285046
985,47.80824
986,23.625656
987,16.836096
988,14.965169
989,9.486964
990,36.03031
991,44.832367
992,49.03261
993,47.840256
994,47.403767
995,46.404552
996,26.18838
997,14.280879
998,17.14457
999,22.5275
1000,17.948511
1001,16.281326
1002,17.338627
1003,10.712955
1004,19.761343
1005,44.290833
1006,48.797245
1007,47.248913
1008,45.64603
1009,27.198591
1010,17.481007
1011,20.533897
1012,12.452349
1013,11.958182
1014,43.266136
1015,48.58682
1016,48.275146
1017,26.076052
1018,17.78763
1019,24.044239
1020,16.60724
1021,17.86492
1022,10.165618
1023,35.230396
1024,42.061863
1025,36.469265
1026,49.084614
1027,27.297897
1028,21.138151
1029,18.398306
1030,20.145554
1031,20.934845
1032,18.945902
1033,44.810993
1034,41.261257
1035,45.642265
1036,47.185963
1037,47.858967
1038,43.60483
1039,42.16896
1040,40.64671
1041,39.579636
1042,37.90195
1043,35.347748
1044,44.110794
1045,36.5819
1046,36.112858
1047,47.41713
1048,48.63373
1049,48.571854
1050,26.27186
1051,20.1614
1052,17.329336
1053,9.316706
1054,41.406654
1055,48.86267
1056,48.810207
1057,47.161823
1058,44.55861
1059,13.002243
1060,20.623724
1061,18.677063
1062,10.885087
1063,36.360966
1064,46.46396
1065,39.103245
1066,50.06967
1067,49.126667
1068,49.598507
1069,47.458027
1070,46.228313
1071,44.239075
1072,14.049884
1073,16.292929
1074,13.236684
1075,16.533175
1076,34.55616
1077,48.172913
1078,44.084953
1079,14.08368
1080,16.527199
1081,16.310513
1082,15.957432
1083,12.142622
1084,46.888866
1085,39.898354
1086,43.38176
1087,47.324696
1088,18.11774
1089,10.536956
1090,36.750706
1091,40.45748
1092,47.867046
1093,48.168247
1094,45.941364
1095,36.763397
1096,23.951756
1097,22.14211
1098,15.461197
1099,17.55135
1100,15.80254
1101,28.371078
1102,40.51839
1103,39.698162
1104,33.89989
1105,34.13509
1106,47.76435
1107,47.703056
1108,43.96569
1109,42.70239
1110,42.420998
1111,40.59991
1112,35.62259
1113,43.482018
1114,44.312695
1115,46.377766
1116,47.374866
1117,47.244114
1118,25.084455
1119,19.959658
1120,35.383972
1121,39.730053
1122,43.3062
1123,48.449444
1124,46.103054
1125,29.884653
1126,30.111315
1127,29.341253
1128,32.770405
1129,38.5625
1130,47.135834
1131,48.876957
1132,48.933086
1133,46.49206
1134,28.457155
1135,17.173227
1136,19.423758
1137,18.62833
1138,18.643984
1139,11.534934
1140,48.403606
1141,42.286495
1142,47.081856
1143,49.091614
1144,47.04429
1145,27.185406
1146,19.915974
1147,20.507547
1148,46.50838
1149,44.542145
1150,14.886244
1151,24.943512
1152,24.992237
1153,20.438124
1154,20.208721
1155,13.022269
1156,9.722643
1157,20.682428
1158,38.02679
1159,35.76322
1160,48.570927
1161,47.60657
1162,49.360565
1163,48.34013
1164,27.584343
1165,20.269075
1166,21.65903
1167,21.363882
1168,44.323643
1169,46.89412
1170,45.955826
1171,41.678196
1172,36.926136
1173,36.704666
1174,44.926636
1175,46.9901
1176,46.840954
1177,27.118507
1178,14.688118
1179,18.527594
1180,19.282892
1181,20.77124
1182,12.563485
1183,45.890327
1184,43.992115
1185,46.57749
1186,45.60476
1187,45.08611
1188,22.540148
1189,15.823242
1190,14.704632
1191,17.12313
1192,38.9821
1193,46.472355
1194,47.310234
1195,46.21685
1196,45.714664
1197,42.897636
1198,23.695076
1199,41.513885
1200,47.810883
1201,46.50235
1202,39.26745
1203,14.320098
1204,18.213247
1205,14.807788
1206,16.634027
1207,8.73541
1208,17.874424
1209,35.30296
1210,47.650997
1211,45.691654
1212,24.210749
1213,23.88794
1214,22.772617
1215,18.352598
1216,47.165535
1217,48.52588
1218,47.95029
1219,41.868103
1220,24.639015
1221,22.41427
1222,18.630547
1223,19.544827
1224,19.244257
1225,17.695778
1226,17.458082
1227,39.942974
1228,34.031124
1229,34.39568
1230,47.201534
1231,47.545162
1232,43.239758
1233,41.61701
1234,37.650345
1235,49.514523
1236,14.27631
1237,22.70357
1238,19.890879
1239,12.980549
1240,21.70518
1241,45.84175
1242,40.716137
1243,43.71563
1244,49.287865
1245,47.76139
1246,17.08524
1247,23.686941
1248,24.04949
1249,12.903399
1250,45.897438
1251,49.551064
1252,48.435143
1253,48.314205
1254,22.270569
1255,17.108013
1256,17.984892
1257,40.477802
1258,47.919342
1259,47.026257
1260,46.835213
1261,44.76134
1262,26.38622
1263,21.817417
1264,15.591283
1265,16.796225
1266,16.143892
1267,16.432724
1268,20.18745
1269,48.76298
1270,48.58756
1271,48.69504
1272,45.57374
1273,15.053206
1274,17.327423
1275,18.205477
1276,18.520872
1277,13.0765
1278,21.071611
1279,36.82468
1280,42.095192
1281,37.6899
1282,46.82706
1283,49.240673
1284,48.56405
1285,25.850855
1286,27.295021
1287,18.81435
1288,19.832867
1289,19.874071
1290,33.503475
1291,47.77989
1292,48.383804
1293,43.202454
1294,44.9861
1295,43.676125
1296,43.794098
1297,37.614384
1298,45.246128
1299,46.030895
1300,46.433594
1301,44.592022
1302,22.88265
1303,13.305211
1304,23.433893
1305,48.04784
1306,48.842754
1307,47.641068
1308,48.582836
1309,37.52796
1310,30.181767
1311,36.62187
1312,27.862759
1313,27.39373
1314,18.927668
1315,32.49302
1316,36.756947
1317,38.902866
1318,44.31821
1319,47.537407
1320,46.572914
1321,45.252796
1322,15.175919
1323,18.029732
1324,19.221792
1325,23.445925
1326,48.81682
1327,23.179972
1328,19.590214
1329,17.869566
1330,18.683996
1331,11.444173
1332,20.636713
1333,35.29439
1334,37.572315
1335,47.446236
1336,47.830654
1337,45.746307
1338,18.065048
1339,18.086313
1340,18.783075
1341,19.163866
1342,48.95143
1343,49.52456
1344,41.52923
1345,26.850199
1346,25.129751
1347,19.670668
1348,18.92783
1349,43.540565
1350,42.698437
1351,40.399628
1352,41.732487
1353,39.780613
1354,41.465614
1355,37.199287
1356,43.96286
1357,37.679333
1358,48.219128
1359,28.860708
1360,26.556257
1361,23.720312
1362,19.91915
1363,17.245937
1364,17.679626
1365,13.763681
1366,11.822924
1367,40.71765
1368,47.176872
1369,26.48134
1370,22.415413
1371,17.244902
1372,8.32624
1373,37.85021
1374,47.805
1375,47.714794
1376,48.15045
1377,21.72495
1378,16.998358
1379,42.884403
1380,46.585197
1381,47.196312
1382,18.184828
1383,10.650748
1384,37.578995
1385,43.569664
1386,42.9183
1387,47.45384
1388,47.973045
1389,46.719517
1390,14.58242
1391,16.052412
1392,20.870398
1393,14.475692
1394,15.549331
1395,10.580136
1396,40.68953
1397,48.765984
1398,48.52095
1399,49.258354
1400,23.217035
1401,23.751352
1402,47.49848
1403,47.651405
1404,46.70945
1405,45.89335
1406,44.06318
1407,43.757256
1408,46.087624
1409,43.68633
1410,45.98559
1411,46.19244
1412,47.681156
1413,47.576256
1414,10.115255
1415,22.119074
1416,37.904682
1417,46.325935
1418,45.575935
1419,45.5843
1420,14.634968
1421,16.731304
1422,16.526411
1423,14.358734
1424,14.705982
1425,10.540544
1426,10.921697
1427,21.458725
1428,39.285446
1429,44.86939
1430,45.591824
1431,43.936832
1432,43.43974
1433,40.554596
1434,18.014809
1435,14.712267
1436,16.84591
1437,20.260548
1438,12.124157
1439,19.161669
1440,37.215256
1441,42.50306
1442,47.770138
1443,45.239548
1444,40.81105
1445,24.31111
1446,17.676617
1447,45.305477
1448,45.128674
1449,42.25108
1450,28.008768
1451,13.677932
1452,16.77709
1453,16.360952
1454,10.902211
1455,40.579414
1456,44.0348
1457,48.601418
1458,48.04028
1459,46.043583
1460,24.304914
1461,20.047369
1462,20.951067
1463,38.292027
1464,45.312954
1465,47.120575
1466,47.455082
1467,46.078087
1468,45.451405
1469,43.752625
1470,43.476025
1471,44.5896
1472,46.25188
1473,45.610283
1474,12.633086
1475,13.959132
1476,16.523027
1477,11.422418
1478,38.56156
1479,41.039665
1480,47.73473
1481,46.80101
1482,46.083206
1483,27.848467
1484,21.789118
1485,22.541656
1486,19.226702
1487,16.811016
1488,10.815558
1489,12.583603
1490,22.830982
1491,36.194347
1492,45.823593
1493,43.139133
1494,39.1623
1495,35.87624
1496,22.121016
1497,17.348856
1498,14.058381
1499,9.132926
1500,19.626114
1501,34.816895
1502,40.4237
1503,47.384537
1504,46.017487
1505,43.715878
1506,14.08089
1507,21.693539
1508,20.74257
1509,17.308624
1510,15.27145
1511,12.223535
1512,11.388739
1513,36.817482
1514,40.394737
1515,38.698555
1516,44.06381
1517,20.75382
1518,9.874111
1519,33.383904
1520,38.074745
1521,47.181866
1522,46.37688
1523,25.447163
1524,24.073624
1525,19.967325
1526,20.980825
1527,19.933731
1528,40.72004
1529,33.564846
1530,45.635998
1531,47.830036
1532,41.97569
1533,38.409393
1534,43.832935
1535,46.600193
1536,37.627857
1537,49.03939
1538,49.703552
1539,49.612675
1540,48.250683
1541,46.445793
1542,30.799892
1543,27.908873
1544,28.95799
1545,29.924736
1546,29.751797
1547,39.478264
1548,47.903397
1549,48.742874
1550,47.7849
1551,45.191986
1552,27.897738
1553,20.626778
1554,17.566874
1555,15.10112
1556,11.555568
1557,22.932901
1558,35.750435
1559,47.24006
1560,48.097076
1561,47.033546
1562,46.9089
1563,11.797663
1564,16.07079
1565,12.64014
1566,9.709161
1567,22.285084
1568,43.76773
1569,47.82427
1570,20.17889
1571,20.91475
1572,18.07062
1573,16.650173
1574,11.00365
1575,23.950722
1576,43.42313
1577,43.29988
1578,45.910355
1579,46.85715
1580,45.332294
1581,41.878704
1582,23.860708
1583,15.160437
1584,11.122599
1585,11.123558
1586,34.727474
1587,39.968792
1588,34.95218
1589,38.50429
1590,46.1492
1591,48.649853
1592,48.111458
1593,35.668667
1594,21.831377
1595,17.057623
1596,12.929496
1597,31.098661
1598,38.648766
1599,34.36114
1600,44.194653
1601,44.83198
1602,43.903786
1603,42.244595
1604,36.27341
1605,32.84202
1606,37.126316
1607,37.913197
1608,33.568237
1609,47.0081
1610,47.17678
1611,46.67278
1612,45.460247
1613,18.174824
1614,18.84083
1615,18.218958
1616,16.64688
1617,37.80782
1618,41.522083
1619,46.76666
1620,47.286915
1621,46.532425
1622,46.807262
1623,45.67756
1624,43.315926
1625,25.662325
1626,16.24061
1627,21.447319
1628,22.208384
1629,18.02475
1630,12.352018
1631,47.534237
1632,48.0576
1633,47.061317
1634,47.655357
1635,46.445263
1636,43.966656
1637,15.316752
1638,21.555737
1639,21.377396
1640,16.409784
1641,9.733186
1642,22.933132
1643,38.786102
1644,41.660053
1645,47.034397
1646,47.16133
1647,46.079823
1648,17.699524
1649,15.003573
1650,16.819078
1651,16.39643
1652,11.126649
1653,22.30112
1654,37.129078
1655,36.89465
1656,47.46237
1657,44.332054
1658,14.929966
1659,19.575787
1660,20.669113
1661,15.1080265
1662,17.181513
1663,17.448803
1664,17.642088
1665,37.8856
1666,46.285793
1667,40.174866
1668,23.337202
1669,17.777512
1670,16.062527
1671,19.772636
1672,40.020817
1673,33.282146
1674,34.087563
1675,45.25206
1676,46.95487
1677,47.268948
1678,36.80674
1679,48.239044
1680,47.980022
1681,47.53913
1682,48.064682
1683,46.920715
1684,37.18854
1685,29.961046
1686,35.901466
1687,29.995039
1688,30.61096
1689,28.180943
1690,24.082918
1691,33.493076
1692,42.02854
1693,38.756115
1694,47.702694
1695,47.264393
1696,45.54404
1697,11.485836
1698,18.627832
1699,18.423859
1700,44.012844
1701,46.10765
1702,28.554724
1703,12.973628
1704,14.3496475
1705,19.574657
1706,18.45872
1707,11.03057
1708,24.329897
1709,41.050194
1710,44.06043
1711,48.91363
1712,48.598774
1713,43.259617
1714,19.606995
1715,18.346825
1716,17.669922
1717,14.178162
1718,45.734463
1719,42.145622
1720,46.72707
1721,44.48227
1722,40.396797
1723,23.542242
1724,14.545545
1725,16.543032
1726,37.256252
1727,40.14572
1728,47.367706
1729,38.0569
1730,13.223521
1731,11.321455
1732,49.312973
1733,47.73473
1734,47.447933
1735,47.18099
1736,43.077198
1737,38.92311
1738,38.795017
1739,42.524162
1740,48.518105
1741,47.321785
1742,37.532597
1743,43.614044
1744,34.949596
1745,41.653736
1746,14.524138
1747,14.698393
1748,23.815384
1749,40.123386
1750,36.377632
1751,47.325466
1752,47.691254
1753,16.320797
1754,22.668331
1755,19.6978
1756,19.500143
1757,42.04987
1758,47.874714
1759,47.71516
1760,48.422302
1761,47.52331
1762,44.70501
1763,13.648219
1764,17.776354
1765,19.554283
1766,20.45218
1767,49.78337
1768,49.328823
1769,48.400837
1770,21.998611
1771,19.99138
1772,16.654013
1773,45.50102
1774,43.77082
1775,44.350723
1776,43.42982
1777,42.678795
1778,10.9293995
1779,13.867765
1780,16.212223
1781,14.462397
1782,26.731226
1783,42.95972
1784,41.372944
1785,44.505352
1786,41.14724
1787,27.456043
1788,20.877579
1789,24.524923
1790,22.58121
1791,31.602934
1792,28.588606
1793,22.164347
1794,41.214417
1795,40.20116
1796,33.835613
1797,44.138927
1798,45.33368
1799,46.197704
1800,42.800728
1801,40.969902
1802,43.729908
1803,34.338634
1804,39.826714
1805,38.439095
1806,32.017857
1807,36.096226
1808,38.576717
1809,45.87501
1810,46.124382
1811,45.530773
1812,45.005047
1813,43.236107
1814,15.177558
1815,21.630962
1816,21.508768
1817,17.144304
1818,23.347614
1819,39.56303
1820,42.2249
1821,47.570744
1822,47.270683
1823,14.826864
1824,17.701534
1825,23.895748
1826,18.98373
1827,22.396189
1828,23.8655
1829,43.174404
1830,36.2967
1831,47.932713
1832,46.389378
1833,43.601856
1834,30.114403
1835,14.592688
1836,17.28197
1837,18.109673
1838,15.2323265
1839,14.541092
1840,19.243582
1841,38.911255
1842,36.756718
1843,44.749798
1844,19.222664
1845,16.313961
1846,17.699562
1847,11.007732
1848,36.275276
1849,46.888016
1850,46.571426
1851,44.962425
1852,22.205763
1853,23.58775
1854,20.822594
1855,21.56988
1856,20.662907
1857,38.587444
1858,32.663258
1859,47.868256
1860,47.230286
1861,27.582634
1862,29.63035
1863,23.182913
1864,22.672865
1865,48.057415
1866,48.40049
1867,46.599327
1868,41.911346
1869,40.35448
1870,37.368645
1871,39.19782
1872,45.11538
1873,35.863224
1874,48.178654
1875,48.061863
1876,47.695324
1877,46.747906
1878,24.90807
1879,22.0724
1880,10.631867
1881,50.221867
1882,51.864357
1883,50.9026
1884,50.3629
1885,18.933214
1886,27.011463
1887,21.468132
1888,20.710457
1889,23.160803
1890,47.51996
1891,18.005022
1892,24.303837
1893,26.175957
1894,20.754398
1895,13.0769
1896,48.599148
1897,49.435375
1898,21.211267
1899,20.069826
1900,12.978262
1901,25.703405
1902,42.48452
1903,48.27685
1904,45.109787
1905,15.773414
1906,19.253862
1907,19.473248
1908,18.275122
1909,13.601806
1910,24.246517
1911,47.728428
1912,47.385258
1913,26.82727
1914,19.217165
1915,19.692327
1916,17.518332
1917,18.573322
1918,32.623085
1919,44.471622
1920,41.227253
1921,47.413895
1922,40.493187
1923,39.1915
1924,38.62454
1925,38.006683
1926,42.4622
1927,42.129005
1928,42.678123
1929,46.74523
1930,29.745256
1931,14.687831
1932,19.68745
1933,19.539402
1934,20.201582
1935,21.102053
1936,47.1084
1937,42.524265
1938,44.1664
1939,47.795383
1940,46.03849
1941,44.002018
1942,29.26083
1943,13.064269
1944,21.685524
1945,22.632187
1946,16.710821
1947,21.175074
1948,41.818798
1949,36.780544
1950,48.309414
1951,46.58431
1952,44.37484
1953,29.461472
1954,16.20865
1955,15.3829565
1956,18.265736
1957,13.083626
1958,10.55405
1959,38.857944
1960,47.121117
1961,47.710247
1962,46.51
1963,46.570427
1964,43.914757
1965,21.440075
1966,18.022043
1967,42.190926
1968,39.420307
1969,46.602016
1970,44.757885
1971,12.037762
1972,15.324781
1973,17.32727
1974,15.7380495
1975,10.938828
1976,22.65746
1977,39.157784
1978,46.670822
1979,46.0102
1980,46.713436
1981,46.701496
1982,47.691025
1983,27.765503
1984,27.25026
1985,23.539429
1986,22.74135
1987,22.644346
1988,34.052048
1989,43.509956
1990,45.86972
1991,46.61206
1992,46.252476
1993,39.3063
1994,36.28424
1995,32.061153
1996,31.279625
1997,29.490692
1998,47.686954
1999,32.50179
2000,16.483162
2001,19.113108
2002,19.316929
2003,15.440594
2004,24.648499
2005,44.12161
2006,41.73485
2007,48.801014
2008,16.182514
2009,18.631823
2010,23.051176
2011,18.184376
2012,13.180022
2013,17.110794
2014,21.720564
2015,19.260698
2016,20.673998
2017,13.329545
2018,33.36931
2019,33.45062
2020,38.992493
2021,47.96502
2022,48.500618
2023,47.04893
2024,21.545029
2025,18.963663
2026,23.389172
2027,23.644026
2028,15.513438
2029,46.672222
2030,36.90577
2031,38.53794
2032,48.675842
2033,47.687523
2034,15.290829
2035,13.800754
2036,12.560331
2037,14.108284
2038,9.127114
2039,45.636696
2040,44.550026
2041,45.538742
2042,26.614946
2043,28.34398
2044,23.673737
2045,25.13337
2046,44.938396
2047,43.701603
2048,40.81245
2049,43.698666
2050,40.774773
2051,42.3041
2052,37.470867
2053,46.367836
2054,46.745167
2055,44.98076
2056,19.192846
2057,28.568193
2058,26.30684
2059,21.844164
2060,24.398018
2061,17.66728
2062,12.620211
2063,45.49182
2064,46.504345
2065,44.577312
2066,18.648346
2067,25.001093
2068,19.632933
2069,20.952965
2070,11.798524
2071,37.963196
2072,39.355587
2073,43.403072
2074,47.53
2075,28.215136
2076,15.060799
2077,20.938433
2078,17.541134
2079,18.810368
2080,21.46307
2081,37.087616
2082,47.33192
2083,46.243214
2084,44.1668
2085,12.8871355
2086,21.493635
2087,17.609324
2088,17.523277
2089,40.697136
2090,38.150856
2091,46.916084
2092,45.828815
2093,45.840244
2094,44.02139
2095,16.288563
2096,17.703205
2097,15.441603
2098,15.97327
2099,16.802765
2100,13.602912
2101,40.025013
2102,45.133
2103,47.217224
2104,46.79133
2105,46.415707
2106,24.449411
2107,24.018948
2108,20.829952
2109,20.777203
2110,16.611605
2111,18.657965
2112,18.903814
2113,33.794884
2114,44.595104
2115,46.189312
2116,45.697033
2117,42.23394
2118,41.31526
2119,38.60653
2120,39.66225
2121,40.31726
2122,39.57267
2123,42.112335
2124,35.036514
2125,34.536327
2126,47.223347
2127,46.82313
2128,47.0947
2129,44.81762
2130,43.165718
2131,17.184076
2132,18.948645
2133,17.640318
2134,15.610338
2135,17.33401
2136,15.796012
2137,8.893128
2138,47.519753
2139,47.995697
2140,19.558847
2141,16.398321
2142,41.18118
2143,49.25657
2144,49.589615
2145,45.478764
2146,14.102987
2147,19.927002
2148,15.397306
2149,16.056726
2150,21.347998
2151,35.64721
2152,40.296986
2153,47.73489
2154,47.827026
2155,47.13563
2156,13.8527565
2157,16.617027
2158,15.634936
2159,14.149714
2160,14.125163
2161,10.219646
2162,33.18187
2163,36.01274
2164,47.978218
2165,30.802551
2166,15.841523
2167,19.642826
2168,24.932217
2169,25.38608
2170,20.39116
2171,20.730885
2172,17.919008
2173,10.688952
2174,38.173763
2175,37.744736
2176,41.51056
2177,46.56119
2178,48.258785
2179,48.961773
2180,20.148787
2181,18.902796
2182,21.690063
2183,21.413387
2184,20.049004
2185,31.788528
2186,37.256023
2187,36.41929
2188,46.56328
2189,46.58353
2190,46.153843
2191,47.86134
2192,44.979065
2193,44.91918
2194,40.294064
2195,42.098724
2196,45.2526
2197,37.010788
2198,32.18937
2199,29.729233
2200,29.213696
2201,36.390644
2202,46.98692
2203,46.46163
2204,46.36821
2205,14.78882
2206,19.919296
2207,11.075435
2208,40.49112
2209,43.683662
2210,46.813133
2211,45.270557
2212,27.21296
2213,19.927244
2214,18.239325
2215,13.681679
2216,8.255538
2217,16.931673
2218,39.79687
2219,47.401054
2220,47.917973
2221,47.195232
2222,46.808643
2223,44.869324
2224,13.156331
2225,15.741397
2226,15.529743
2227,16.24247
2228,9.627127
2229,10.256211
2230,22.36435
2231,44.35121
2232,47.393597
2233,47.72902
2234,46.959034
2235,46.177616
2236,43.217102
2237,15.799974
2238,21.318506
2239,29.0643
2240,17.664324
2241,24.14097
2242,37.659843
2243,45.84713
2244,46.445705
2245,45.401627
2246,45.667847
2247,44.76736
2248,42.567577
2249,24.139647
2250,12.868647
2251,18.166544
2252,18.659828
2253,15.863183
2254,16.084536
2255,12.0408535
2256,7.560909
2257,15.32784
2258,33.63056
2259,38.09241
2260,46.15996
2261,47.975357
2262,47.433502
2263,24.558691
2264,15.526144
2265,17.37958
2266,37.199482
2267,47.50788
2268,45.644115
2269,37.645878
2270,45.863224
2271,41.226997
2272,41.97865
2273,43.34506
2274,48.305935
2275,43.48465
2276,36.614986
2277,32.624035
2278,47.511982
2279,46.86508
2280,47.57664
2281,47.15978
2282,28.663218
2283,24.226915
2284,22.59526
2285,20.769146
2286,22.654634
2287,20.991062
2288,10.869955
2289,41.664463
2290,46.10952
2291,28.684177
2292,13.462485
2293,16.534779
2294,20.826775
2295,19.836048
2296,19.357569
2297,42.927204
2298,38.360195
2299,48.030315
2300,47.694412
2301,19.658886
2302,17.38151
2303,15.601218
2304,16.56454
2305,10.456403
2306,8.089941
2307,35.708183
2308,38.832497
2309,49.727947
2310,48.536293
2311,49.08377
2312,46.527878
2313,43.753082
2314,27.118345
2315,47.754536
2316,48.74829
2317,46.93132
2318,26.562748
2319,13.706208
2320,17.250547
2321,17.602636
2322,14.267453
2323,9.740317
2324,16.73977
2325,37.955868
2326,47.007244
2327,48.15401
2328,47.461487
2329,46.962906
2330,46.60573
2331,42.06758
2332,25.69177
2333,24.013885
2334,16.861412
2335,17.860767
2336,15.403395
2337,35.574585
2338,32.410152
2339,33.93866
2340,47.06547
2341,41.740425
2342,40.60924
2343,43.335075
2344,38.195488
2345,42.89962
2346,47.040745
2347,47.494904
2348,14.176117
2349,25.743584
2350,22.38152
2351,16.573196
2352,20.19249
2353,41.137215
2354,47.28254
2355,48.190926
2356,47.01238
2357,43.811474
2358,14.353295
2359,20.421173
2360,16.860367
2361,16.225405
2362,17.574146
2363,10.702069
2364,9.760291
2365,37.976883
2366,45.80878
2367,47.090614
2368,45.88022
2369,43.12122
2370,25.88146
2371,16.565521
2372,27.691593
2373,41.677795
2374,46.75301
2375,45.51341
2376,12.631529
2377,18.287025
2378,15.035756
2379,15.229872
2380,8.089116
2381,30.605282
2382,37.312096
2383,48.03563
2384,46.325848
2385,44.12264
2386,12.187331
2387,17.860895
2388,18.012558
2389,33.092407
2390,46.528965
2391,48.53664
2392,48.76661
2393,26.556429
2394,24.035618
2395,20.079508
2396,22.284697
2397,19.860254
2398,50.393097
2399,52.000553
2400,49.243958
2401,14.31648
2402,12.300242
2403,10.413765
2404,15.7692995
2405,36.929043
2406,50.66744
2407,48.29442
2408,35.873417
2409,47.814533
2410,48.614117
2411,37.69522
2412,23.491488
2413,32.96086
2414,29.75601
2415,32.56887
2416,11.924602
2417,42.233437
2418,47.728745
2419,45.86941
2420,26.432589
2421,20.627039
2422,47.59736
2423,45.357635
2424,12.709855
2425,15.347612
2426,17.884607
2427,16.561829
2428,14.955186
2429,14.101663
2430,7.849749
2431,6.6217732
2432,29.321392
2433,47.200836
2434,46.0996
2435,25.820745
2436,14.824863
2437,20.590992
2438,20.957043
2439,18.150124
2440,15.851025
2441,40.951797
2442,44.880707
2443,44.96268
2444,44.385525
2445,42.084534
2446,12.210467
2447,17.498505
2448,18.758404
2449,13.492095
2450,10.856497
2451,15.971576
2452,48.514336
2453,41.281666
2454,21.954636
2455,28.695683
2456,13.157345
2457,38.0197
2458,30.671537
2459,47.376064
2460,45.918674
2461,39.90178
2462,39.827835
2463,43.542393
2464,34.180027
2465,30.628202
2466,40.548138
2467,39.481052
2468,42.610165
2469,45.240757
2470,47.334198
2471,46.64141
2472,48.157204
2473,27.96321
2474,14.578693
2475,18.613796
2476,26.839228
2477,23.095097
2478,20.601496
2479,12.574346
2480,11.414879
2481,44.73452
2482,39.98276
2483,47.252945
2484,47.893963
2485,47.16875
2486,47.59332
2487,28.056248
2488,32.932518
2489,37.145157
2490,29.930187
2491,30.666857
2492,33.03483
2493,23.060823
2494,44.40837
2495,38.820908
2496,47.339638
2497,46.031796
2498,46.835392
2499,45.615917
2500,42.570583
2501,17.706184
2502,14.836744
2503,16.222492
2504,10.675021
2505,22.389717
2506,43.0719
2507,49.55671
2508,49.13824
2509,47.987667
2510,45.737255
2511,13.644432
2512,24.991158
2513,20.567142
2514,19.485392
2515,19.368011
2516,15.854902
2517,35.46911
2518,35.333405
2519,17.473845
2520,23.23938
2521,18.61593
2522,18.345451
2523,11.184665
2524,9.085978
2525,19.289293
2526,34.31747
2527,41.913486
2528,46.639565
2529,47.361404
2530,48.423805
2531,25.246595
2532,26.84488
2533,18.762344
2534,21.031408
2535,36.17823
2536,42.973877
2537,44.62495
2538,44.96618
2539,41.337273
2540,37.10207
2541,38.575687
2542,43.592087
2543,41.505375
2544,46.78845
2545,47.51332
2546,47.202522
2547,46.374844
2548,38.103874
2549,33.049496
2550,30.95651
2551,29.092434
2552,23.11419
2553,34.24558
2554,43.54906
2555,44.050343
2556,49.766567
2557,50.383846
2558,49.021297
2559,48.666397
2560,46.433792
2561,28.268814
2562,14.721804
2563,17.551212
2564,25.644032
2565,19.768375
2566,16.093792
2567,38.777206
2568,46.33685
2569,43.965797
2570,15.379751
2571,22.578642
2572,18.240494
2573,14.636133
2574,10.926167
2575,48.81705
2576,24.811466
2577,11.905929
2578,9.417098
2579,45.03787
2580,42.516582
2581,45.175827
2582,45.0903
2583,45.19636
2584,45.053917
2585,43.604042
2586,15.094086
2587,20.273987
2588,18.059244
2589,20.965334
2590,18.44083
2591,38.206398
2592,32.85449
2593,41.97919
2594,47.588528
2595,47.676586
2596,22.127186
2597,22.68164
2598,21.712286
2599,20.43126
2600,17.61039
2601,17.433899
2602,19.863777
2603,41.732605
2604,47.25768
2605,47.090187
2606,46.14471
2607,37.877346
2608,36.77039
2609,41.17937
2610,42.25491
2611,40.400208
2612,36.218277
2613,43.04369
2614,35.921585
2615,44.439762
2616,48.096596
2617,45.5453
2618,29.274912
2619,15.467649
2620,17.778372
2621,26.30407
2622,24.20635
2623,22.220724
2624,22.202866
2625,19.746183
2626,40.512344
2627,49.125965
2628,49.27123
2629,48.72059
2630,28.620033
2631,25.173046
2632,19.884033
2633,21.980104
2634,19.736483
2635,41.424805
2636,47.600445
2637,39.692127
2638,44.019184
2639,47.002537
2640,48.291286
2641,47.334515
2642,23.322462
2643,14.78171
2644,14.240235
2645,13.080382
2646,13.806885
2647,12.0539
2648,8.436611
2649,43.2559
2650,48.61064
2651,48.846764
2652,49.436413
2653,48.718452
2654,26.80777
2655,18.30571
2656,20.215559
2657,16.244244
2658,22.20122
2659,47.202072
2660,37.305832
2661,48.594536
2662,49.52017
2663,48.331184
2664,47.499977
2665,25.558315
2666,13.518695
2667,19.941721
2668,16.86146
2669,17.630768
2670,18.863443
2671,42.106976
2672,35.35776
2673,20.857409
2674,20.509567
2675,20.552446
2676,29.785934
2677,33.959896
2678,34.821228
2679,47.2634
2680,46.814426
2681,45.663773
2682,42.587677
2683,40.56777
2684,42.00338
2685,42.561085
2686,46.959637
2687,45.897243
2688,48.062504
2689,45.405243
2690,29.551659
2691,16.053185
2692,21.827484
2693,12.695222
2694,43.171913
2695,47.29429
2696,41.96314
2697,47.20446
2698,47.119812
2699,43.9672
2700,11.006116
2701,13.829871
2702,13.432366
2703,12.760102
2704,34.37266
2705,37.37164
2706,48.76668
2707,45.31829
2708,34.600845
2709,38.62264
2710,28.857805
2711,28.589016
2712,27.809017
2713,27.719006
2714,20.851776
2715,48.48642
2716,46.703747
2717,44.965103
2718,22.808317
2719,17.169817
2720,23.396004
2721,19.239256
2722,20.564848
2723,17.281336
2724,12.066436
2725,19.306427
2726,37.09386
2727,48.945293
2728,48.11584
2729,44.730873
2730,23.637634
2731,16.997427
2732,11.635459
2733,20.523893
2734,38.685677
2735,48.14042
2736,50.11792
2737,49.557987
2738,50.30201
2739,49.364777
2740,40.49394
2741,25.728703
2742,22.17081
2743,18.042048
2744,20.368734
2745,19.08964
2746,18.468876
2747,36.60214
2748,47.82365
2749,47.7282
2750,46.95131
2751,44.32379
2752,41.767544
2753,39.132545
2754,43.654346
2755,38.300083
2756,35.67256
2757,47.573463
2758,46.615685
2759,46.597485
2760,23.222902
2761,18.55795
2762,16.914766
2763,11.67271
2764,21.721155
2765,41.671993
2766,44.635017
2767,47.47224
2768,48.583553
2769,47.61863
2770,45.251305
2771,13.564195
2772,22.497116
2773,21.466953
2774,16.215458
2775,16.815819
2776,30.263565
2777,39.002872
2778,38.883266
2779,47.05968
2780,46.729095
2781,47.253532
2782,46.551224
2783,43.98513
2784,24.866825
2785,13.104934
2786,20.26575
2787,17.078337
2788,11.924738
2789,6.424197
2790,15.654735
2791,30.429308
2792,38.264812
2793,34.54025
2794,37.840446
2795,49.20976
2796,47.19683
2797,15.840824
2798,21.097746
2799,21.570734
2800,18.421965
2801,18.651463
2802,19.463768
2803,15.57862
2804,20.869915
2805,36.47304
2806,48.69539
2807,49.26949
2808,48.09272
2809,25.60252
2810,15.486727
2811,20.009598
2812,16.987625
2813,14.0777645
2814,20.08399
2815,45.943226
2816,40.61056
2817,48.864536
2818,23.27125
2819,23.246624
2820,21.078785
2821,19.005749
2822,32.139557
2823,42.430912
2824,35.097496
2825,44.31504
2826,45.78242
2827,46.184048
2828,46.585663
2829,38.73921
2830,33.40207
2831,37.95856
2832,38.319206
2833,39.335213
2834,36.54417
2835,34.631496
2836,37.148026
2837,47.51774
2838,47.476677
2839,13.362676
2840,18.795708
2841,23.54493
2842,19.007566
2843,16.932816
2844,19.840782
2845,10.397004
2846,40.096878
2847,44.99228
2848,48.71692
2849,48.84837
2850,49.996902
2851,49.274727
2852,49.434547
2853,47.678722
2854,18.214445
2855,18.940962
2856,46.917583
2857,39.772133
2858,42.66872
2859,48.570442
2860,25.876963
2861,13.8051
2862,15.612191
2863,24.545057
2864,18.992847
2865,9.493279
2866,20.007942
2867,34.825893
2868,42.905575
2869,37.360893
2870,21.836906
2871,20.353415
2872,24.870098
2873,21.927412
2874,14.421419
2875,39.44494
2876,47.81157
2877,48.707558
2878,47.74026
2879,48.401783
2880,26.038887
2881,16.472107
2882,18.146072
2883,19.472471
2884,18.433134
2885,16.448288
2886,10.971431
2887,46.03013
2888,40.58044
2889,46.66886
2890,46.416084
2891,46.704193
2892,30.263594
2893,23.213293
2894,25.075558
2895,20.675724
2896,18.247494
2897,17.295906
2898,33.70301
2899,37.85649
2900,37.07828
2901,47.74534
2902,47.410164
2903,40.320473
2904,42.767025
2905,43.516613
2906,43.23314
2907,43.551468
2908,42.252007
2909,39.482143
2910,36.73823
2911,47.279697
2912,46.448277
2913,26.361477
2914,14.57941
2915,27.58675
2916,23.315819
2917,21.691067
2918,41.349888
2919,46.15215
2920,47.222584
2921,47.2445
2922,45.771793
2923,21.98199
2924,18.478811
2925,20.170343
2926,15.463398
2927,10.710825
2928,9.427003
2929,40.031105
2930,47.829376
2931,47.453476
2932,13.120646
2933,15.825087
2934,19.162481
2935,20.308655
2936,18.220396
2937,8.601179
2938,45.616917
2939,40.718624
2940,47.349525
2941,46.335808
2942,45.574673
2943,15.421186
2944,22.949755
2945,23.961687
2946,10.840296
2947,21.010593
2948,44.337086
2949,37.752693
2950,40.90082
2951,48.79373
2952,46.4886
2953,26.957838
2954,16.682907
2955,22.457647
2956,18.543411
2957,16.840885
2958,18.540462
2959,21.880323
2960,44.397297
2961,40.936684
2962,47.828487
2963,50.295174
2964,39.844055
2965,26.172394
2966,23.516632
2967,26.003756
2968,25.24414
2969,22.221413
2970,19.212002
2971,26.717802
2972,45.514103
2973,47.614723
2974,47.155956
2975,42.15909
2976,38.390003
2977,38.119995
2978,44.84297
2979,26.686403
2980,24.34668
2981,21.45384
2982,22.850588
2983,14.715336
2984,10.643557
2985,47.92117
2986,48.51822
2987,48.06876
2988,47.93518
2989,46.367237
2990,13.959271
2991,16.6234
2992,22.165108
2993,21.808706
2994,18.76267
2995,12.050204
2996,20.706308
2997,44.090313
2998,41.53028
2999,49.10819
3000,47.767338
3001,46.712166
3002,21.741423
3003,18.596022
3004,15.504157
3005,8.558825
3006,38.98738
3007,42.555748
3008,46.42031
3009,44.700874
3010,20.279963
3011,19.178717
3012,22.354189
3013,39.04027
3014,45.5569
3015,38.469917
3016,48.446556
3017,24.948395
3018,22.224697
3019,18.952642
3020,15.15932
3021,8.80594
3022,19.069153
3023,36.782368
3024,46.05417
3025,24.71041
3026,17.404085
3027,13.828991
3028,18.167444
3029,18.595018
3030,17.911232
3031,36.141212
3032,44.601784
3033,46.81485
3034,46.30321
3035,46.880215
3036,41.22521
3037,38.86206
3038,37.79432
3039,40.06284
3040,39.13081
3041,40.139137
3042,36.410294
3043,40.749584
3044,42.66335
3045,44.22079
3046,47.63784
3047,48.14136
3048,44.32474
3049,13.155487
3050,22.637037
3051,19.716509
3052,20.762293
3053,18.232668
3054,18.271786
3055,12.965607
3056,46.421883
3057,47.86378
3058,48.588535
3059,47.214363
3060,48.01852
3061,15.101116
3062,21.830654
3063,18.941471
3064,16.523582
3065,18.813234
3066,17.376251
3067,11.8656435
3068,45.680958
3069,38.7707
3070,47.42667
3071,46.712944
3072,46.253887
3073,45.90269
3074,24.439173
3075,19.806862
3076,20.39647
3077,17.73585
3078,17.648058
3079,17.193274
3080,9.664794
3081,35.432377
3082,42.4301
3083,41.73818
3084,49.136696
3085,48.27669
3086,48.191086
3087,24.265936
3088,15.724821
3089,19.662022
3090,19.452742
3091,14.942793
3092,16.082544
3093,13.553976
3094,36.44027
3095,35.88185
3096,49.07069
3097,47.20086
3098,26.862171
3099,20.158838
3100,20.908537
3101,17.16197
3102,18.342604
3103,17.624048
3104,9.721437
3105,35.36243
3106,40.231094
3107,47.35077
3108,48.31476
3109,47.557384
3110,22.049189
3111,20.764952
3112,17.804882
3113,18.40437
3114,28.009396
3115,34.57022
3116,47.14721
3117,47.40919
3118,41.293003
3119,42.037663
3120,38.786804
3121,37.76524
3122,37.38005
3123,36.461006
3124,37.55537
3125,33.07879
3126,37.20546
3127,34.70564
3128,43.99304
3129,47.480843
3130,48.007187
3131,47.368946
3132,45.139736
3133,25.4085
3134,14.764191
3135,17.386856
3136,23.10318
3137,22.248337
3138,17.524845
3139,9.569053
3140,48.452446
3141,21.068184
3142,17.209463
3143,14.524766
3144,10.697404
3145,9.157811
3146,46.747864
3147,47.749348
3148,44.957516
3149,41.730198
3150,12.765899
3151,9.823693
3152,32.879467
3153,44.158924
3154,48.76159
3155,47.345936
3156,13.770144
3157,20.455404
3158,17.585257
3159,17.433554
3160,11.932843
3161,49.186977
3162,45.945724
3163,26.156149
3164,13.232995
3165,18.49916
3166,17.241447
3167,18.38619
3168,15.7486315
3169,9.193858
3170,17.358368
3171,38.165573
3172,47.346073
3173,49.021015
3174,49.344845
3175,25.652569
3176,21.983427
3177,19.875212
3178,16.849787
3179,16.56169
3180,19.191345
3181,18.281275
3182,18.312628
3183,41.819775
3184,30.939451
3185,32.71069
3186,46.062798
3187,48.03746
3188,48.535343
3189,48.076622
3190,47.63455
3191,40.60049
3192,38.786564
3193,41.686382
3194,40.712914
3195,38.8535
3196,45.35305
3197,47.33219
3198,47.75014
3199,46.34443
3200,47.704945
3201,45.579823
3202,26.569271
3203,14.377167
3204,17.812729
3205,13.306648
3206,11.411565
3207,37.93081
3208,45.00893
3209,38.824425
3210,48.714108
3211,47.017
3212,48.553516
3213,47.49583
3214,46.06482
3215,13.226529
3216,19.87715
3217,15.044957
3218,38.830368
3219,37.8234
3220,41.387447
3221,49.081314
3222,47.413216
3223,48.40478
3224,22.031668
3225,22.84385
3226,18.277227
3227,10.253996
3228,36.16652
3229,39.936577
3230,44.124176
3231,48.60341
3232,46.881577
3233,48.002197
3234,46.553333
3235,20.361622
3236,17.663237
3237,16.467445
3238,16.790907
3239,8.727206
3240,19.028147
3241,41.55201
3242,48.21855
3243,48.383484
3244,24.755663
3245,13.723392
3246,16.444109
3247,21.331879
3248,21.18586
3249,16.689224
3250,14.327844
3251,14.674446
3252,16.287104
3253,32.119087
3254,33.82329
3255,37.63177
3256,49.086464
3257,49.02775
3258,26.030478
3259,26.03553
3260,17.183495
3261,17.235447
3262,39.068336
3263,35.605827
3264,29.481173
3265,44.86656
3266,47.97547
3267,40.65937
3268,40.18684
3269,37.525116
3270,37.449432
3271,36.335247
3272,39.93069
3273,45.80319
3274,44.576267
3275,15.064451
3276,19.574696
3277,16.252611
3278,11.995295
3279,23.901373
3280,38.1619
3281,49.336727
3282,50.208626
3283,48.17939
3284,28.157772
3285,22.840483
3286,18.050648
3287,18.728405
3288,14.496718
3289,17.113157
3290,10.525577
3291,9.719279
3292,38.109272
3293,43.970158
3294,37.270237
3295,40.994976
3296,48.02768
3297,48.18093
3298,44.21006
3299,23.70194
3300,16.999695
3301,13.771166
3302,50.630486
3303,49.994328
3304,50.51112
3305,49.684574
3306,29.142015
3307,16.585102
3308,19.776884
3309,19.15015
3310,17.017733
3311,10.32815
3312,19.105076
3313,33.627483
3314,46.670555
3315,48.222095
3316,46.19321
3317,44.30247
3318,26.193094
3319,14.082696
3320,16.54301
3321,21.830133
3322,20.877583
3323,16.435392
3324,16.165173
3325,10.619849
3326,7.0152345
3327,14.780892
3328,28.347307
3329,32.364735
3330,48.274803
3331,49.023167
3332,22.387325
3333,22.869352
3334,44.304752
3335,47.201984
3336,47.966114
3337,47.49357
3338,44.243843
3339,38.40555
3340,36.92705
3341,35.557148
3342,34.796265
3343,40.38674
3344,32.641354
3345,40.20319
3346,45.850452
3347,46.47991
3348,45.209034
3349,43.15522
3350,25.772545
3351,13.721599
3352,16.64562
3353,13.582566
3354,10.357932
3355,21.196854
3356,37.014988
3357,43.57972
3358,48.347965
3359,49.361412
3360,28.09065
3361,21.418034
3362,21.039171
3363,13.955468
3364,10.425311
3365,20.484344
3366,40.834877
3367,48.58522
3368,45.61026
3369,26.609285
3370,16.605225
3371,37.491135
3372,44.017105
3373,47.13305
3374,48.00215
3375,46.532627
3376,46.805206
3377,23.599726
3378,11.949652
3379,14.24266
3380,18.347988
3381,16.757309
3382,16.058586
3383,14.217788
3384,8.33151
3385,15.21678
3386,28.707125
3387,46.23808
3388,25.165623
3389,21.356274
3390,10.887213
3391,17.02001
3392,31.482323
3393,46.39329
3394,48.20853
3395,49.00877
3396,49.991302
3397,23.387371
3398,23.077345
3399,17.58213
3400,19.404993
3401,20.492971
3402,22.386713
3403,20.499315
3404,28.788288
3405,45.384247
3406,48.056774
3407,47.784126
3408,48.815887
3409,46.087868
3410,48.03572
3411,44.21575
3412,44.168404
3413,38.66237
3414,32.43557
3415,47.70879
3416,48.031025
3417,21.787954
3418,27.462996
3419,20.654957
3420,17.487923
3421,16.891474
3422,12.851621
3423,40.78852
3424,49.313488
3425,49.522644
3426,47.9302
3427,46.47165
3428,33.597256
3429,36.90964
3430,34.423374
3431,25.772766
3432,25.80627
3433,19.75741
3434,19.258137
3435,29.106894
3436,41.63162
3437,48.38247
3438,49.54147
3439,47.999496
3440,48.902763
3441,33.042374
3442,28.074234
3443,24.734081
3444,18.485611
3445,17.79597
3446,31.91042
3447,43.300167
3448,47.48929
3449,46.252655
3450,46.84162
3451,47.26214
3452,47.30493
3453,34.492466
3454,21.4518
3455,18.963049
3456,20.25454
3457,16.304523
3458,11.42111
3459,49.936363
3460,49.18257
3461,48.700127
3462,46.92228
3463,47.40684
3464,20.772533
3465,19.89372
3466,19.103514
3467,21.306921
3468,12.193394
3469,38.915894
3470,47.7442
3471,57.670246
3472,36.17133
3473,25.161507
3474,20.83704
3475,23.711504
3476,33.1528
3477,45.013393
3478,33.35588
3479,43.40208
3480,45.8912
3481,46.163593
3482,46.39805
3483,47.362896
3484,48.02931
3485,53.919598
3486,43.519955
3487,45.944233
3488,42.597225
3489,39.3372
3490,32.72696
3491,48.80283
3492,44.658794
3493,47.19458
3494,47.637592
3495,48.204506
3496,27.24722
3497,20.782589
3498,18.27016
3499,13.816026
3500,23.104513
3501,50.288532
3502,41.102806
3503,45.726524
